{
  "model": "./weights/model_weights20260204165247.pth",
  "rmse": 57.04100036621094,
  "mae": 51.51107406616211,
  "median_error": 49.41807556152344,
  "p90_error": 83.65855102539062,
  "p95_error": 89.88531799316405,
  "throughput": 256.52963151775737
}