{
  "model": "weights/model_weights20260205140023.pth",
  "rmse": 24.123634338378906,
  "mae": 14.278812408447266,
  "median_error": 4.9862213134765625,
  "p90_error": 44.78574981689453,
  "p95_error": 57.86210479736322,
  "throughput": 5.298835919260831
}