{
  "samples_analyzed": 500000,
  "frequency_min_mhz": 5926.25,
  "frequency_max_mhz": 6345.49,
  "distance_min_km": 1.1013794408934343,
  "distance_max_km": 200.29130778358817,
  "path_loss_min_db": 105.06473957615569,
  "path_loss_max_db": 221.51329349344263,
  "path_loss_mean_db": 180.67248166072503,
  "path_loss_std_db": 23.458955367709258,
  "receiver_ht_min_m": 5.8,
  "receiver_ht_max_m": 304.8,
  "ap_ht_min_m": 1.5,
  "ap_ht_max_m": 110.0
}